train_neg_words,train_neg_count
amp,270
trump,151
libtard,147
white,129
like,129
racist,92
black,90
liber,86
sjw,75
hate,73
obama,72
peopl,69
women,66
say,65
new,60
feel,60
retweet,58
listen,57
call,55
us,52
right,51
racism,51
stomp,48
race,47
get,45
men,40
one,40
comment,40
make,39
year,37
girl,37
america,35
need,34
video,33
woman,33
go,33
tampa,32
would,32
american,32
show,32
think,31
look,30
thank,30
love,30
never,30
brexit,29
hatr,27
fuck,27
want,27
condemn,27
muslim,27
man,26
templ,26
wso,26
vandalis,26
calgari,26
polit,26
back,26
polic,26
suppoer,25
use,25
live,25
paladino,25
let,25
misogynist,24
good,24
w,24
word,24
sex,23
pay,23
malevot,23
hope,22
presid,22
daili,22
kkk,22
tweet,22
u,22
media,22
equal,21
ignor,21
believ,21
see,21
stop,21
blm,20
world,20
much,20
feminismisterror,20
feminismmuktbharat,20
bigot,20
islam,20
factori,20
leadership,20
jew,20
mean,19
time,19
countri,19
school,19
lie,19
still,19
via,19
shepherd,19
anti,19
tell,19
guy,19
left,19
way,18
come,18
kill,18
even,18
thing,18
protest,18
speak,18
mani,18
wish,18
take,17
read,17
offic,17
real,17
know,17
help,17
ever,17
great,17
usa,17
work,17
antirac,17
bigotri,17
histori,17
person,16
got,16
keep,16
attack,16
alli,16
face,16
misogyni,16
stand,15
first,15
republican,15
christma,15
maga,15
realli,15
noth,15
homophob,15
nazi,15
joke,15
war,14
said,14
asian,14
talk,14
free,14
alway,14
also,14
tri,14
must,14
everi,14
fascist,14
c,14
porn,14
vote,14
matter,14
toward,13
fire,13
busi,13
job,13
suppo,13
news,13
semit,13
abus,13
post,13
chair,13
male,13
give,13
human,13
win,13
co,13
oil,13
play,13
claim,13
ass,13
christian,13
putinschoic,13
teambt,13
religion,13
cnn,12
reflect,12
african,12
stupid,12
b,12
fear,12
boricua,12
altright,12
remark,12
educ,12
resist,12
immigr,12
carl,12
done,12
death,12
r,12
made,12
power,12
uselect,12
million,12
polaris,12
state,12
rape,12
act,12
fuher,12
mad,12
day,12
kind,12
terror,12
wall,11
differ,11
children,11
nation,11
chang,11
social,11
kid,11
system,11
profil,11
elect,11
promot,11
list,11
without,11
someon,11
notmypresid,11
find,11
next,11
nude,10
campaign,10
aicl,10
japan,10
end,10
lost,10
anoth,10
color,10
femin,10
carlpaladino,10
arrest,10
fan,10
better,10
southafrica,10
blacklivesmatt,10
allow,10
cow,10
xenophobia,10
action,10
offici,10
antisemit,10
israel,10
p,10
issu,9
term,9
discrimin,9
commun,9
boy,9
messag,9
uk,9
accept,9
ppl,9
polici,9
miss,9
offer,9
hillari,9
sexist,9
tcot,9
brown,9
famili,9
danger,9
everyon,9
fascism,9
rest,9
flag,9
becom,9
cultur,9
leav,9
islamophobia,9
problem,9
newyear,9
emirati,9
other,9
michel,9
murder,9
pleas,9
sad,9
stori,9
bulli,9
proud,9
enough,9
realiz,9
bbc,9
newyork,9
racial,9
caus,9
book,9
non,9
reject,9
wrong,9
destroy,9
justic,8
troll,8
serv,8
extrem,8
reveal,8
goe,8
point,8
nationalist,8
mil,8
that,8
today,8
big,8
hard,8
industri,8
god,8
present,8
home,8
sta,8
nake,8
game,8
definit,8
denial,8
forc,8
self,8
may,8
close,8
wait,8
happen,8
n,8
theresist,8
TRUE,8
idea,8
ny,8
ad,8
govern,8
flight,8
blame,8
question,8
board,8
everyth,8
unleash,8
feminist,8
vs,8
pa,8
could,8
treason,8
worst,8
join,8
follow,8
surpris,8
terrorist,7
swiftli,7
church,7
rapist,7
whitepeopl,7
violent,7
mother,7
watch,7
celebr,7
sharpen,7
yet,7
fang,7
mc,7
peac,7
ugli,7
heal,7
truth,7
gender,7
member,7
bad,7
music,7
bit,7
friend,7
total,7
critic,7
evil,7
ask,7
die,7
run,7
liar,7
mayb,7
hand,7
best,7
ur,7
root,7
shit,7
prevent,7
turn,7
russia,7
fight,7
origin,7
cours,7
expos,7
jewish,7
project,7
citi,7
respons,7
resign,7
fool,7
phillysuppophilli,7
money,7
south,7
thrown,7
group,7
traitor,7
alreadi,7
law,7
opposit,7
well,7
stoprac,7
asshol,7
record,7
fought,7
decad,7
cop,7
teach,7
send,7
dumb,7
impress,7
hous,6
africa,6
revolut,6
revers,6
putin,6
marijuana,6
blicqer,6
meme,6
adulteri,6
deplor,6
singl,6
anyth,6
normal,6
democrat,6
spark,6
scienc,6
indian,6
market,6
open,6
deal,6
judg,6
statement,6
begin,6
land,6
voter,6
ape,6
isra,6
miami,6
twitter,6
life,6
wear,6
meant,6
gay,6
zionazi,6
hollywood,6
ag,6
dead,6
effect,6
humanright,6
coloni,6
age,6
bitch,6
povey,6
crazi,6
old,6
long,6
assault,6
swastika,6
da,6
pass,6
slaveri,6
fat,6
walk,6
illeg,6
sexism,6
palestinian,6
expect,6
build,6
donaldtrump,6
alt,6
threaten,6
hear,6
perform,6
session,6
order,6
mind,6
xenophob,6
week,6
neverump,6
diseas,6
last,6
auspol,6
lot,6
around,6
name,6
extremist,6
reason,6
harass,6
gorilla,6
cologn,6
freedom,6
pig,6
transform,6
societi,6
treat,6
sign,6
enemi,6
gop,6
public,6
mexican,5
vid,5
stone,5
fake,5
tech,5
feed,5
victim,5
propaganda,5
expat,5
spread,5
repo,5
genet,5
corrupt,5
idiot,5
nigger,5
rant,5
mr,5
unpresid,5
realiti,5
explain,5
buy,5
hunger,5
disappoint,5
unit,5
given,5
strong,5
languag,5
seal,5
came,5
target,5
occur,5
remov,5
tedtalk,5
full,5
exist,5
oppos,5
sick,5
prove,5
damn,5
opkillingbay,5
genocid,5
slur,5
snowflak,5
injustic,5
concept,5
answer,5
block,5
minor,5
littl,5
son,5
fraud,5
except,5
inaugur,5
buddi,5
either,5
apaheid,5
progress,5
wtf,5
boycott,5
town,5
light,5
pic,5
york,5
st,5
small,5
crime,5
speech,5
class,5
australia,5
europ,5
refuge,5
dad,5
inequ,5
shut,5
seashepherd,5
denounc,5
iq,5
whiteprivileg,5
discuss,5
hang,5
hatespeech,5
respond,5
hair,5
landhold,5
winner,5
skin,5
politmight,5
e,5
lose,5
confirm,5
radicalis,5
fakenew,5
anyon,5
street,5
fli,5
pussi,5
controversi,5
far,5
arab,5
understand,5
plan,5
staff,5
knew,5
milo,5
trash,5
move,5
politician,5
star,5
coupl,5
nyc,5
putinspuppet,5
leftist,5
pedophilia,5
woh,5
wonder,5
sexualpred,5
type,5
rude,5
clinton,5
attent,5
pick,5
xian,4
hood,4
ri,4
thecov,4
less,4
hole,4
x,4
ove,4
eu,4
whilst,4
line,4
candid,4
doom,4
food,4
joe,4
joseon,4
openli,4
second,4
declar,4
podcast,4
potu,4
greenspan,4
shame,4
environment,4
activist,4
write,4
tour,4
coal,4
miamiallahsoil,4
greed,4
quit,4
advic,4
address,4
level,4
cou,4
hr,4
latest,4
hatecrim,4
monster,4
leader,4
practic,4
rwnj,4
bc,4
supremaci,4
citizen,4
silenc,4
father,4
zionism,4
especi,4
isi,4
quot,4
democraticpay,4
shot,4
ye,4
texa,4
gone,4
marx,4
suck,4
regard,4
privileg,4
entir,4
chines,4
charl,4
jihad,4
put,4
fund,4
account,4
brand,4
im,4
dude,4
kentucki,4
insult,4
disgrac,4
lumpi,4
dare,4
familiar,4
program,4
whitesupremaci,4
renown,4
valid,4
found,4
defin,4
cloth,4
logic,4
notic,4
civil,4
bring,4
dark,4
unifi,4
prevail,4
mast,4
charg,4
dystopian,4
reveng,4
cover,4
forget,4
histor,4
debat,4
horribl,4
conflat,4
dont,4
neutral,4
policebrut,4
hater,4
moron,4
relev,4
neighbor,4
hell,4
share,4
endors,4
cr,4
driver,4
vile,4
heard,4
etc,4
fail,4
servic,4
nigga,4
learn,4
defend,4
outsid,4
impoant,4
angri,4
aliv,4
klan,4
hypocrit,4
offens,4
eve,4
jealou,4
eat,4
ok,4
hrc,4
india,4
interest,4
togeth,4
purpos,4
ash,4
funni,4
case,4
least,4
accus,4
assum,4
ladi,4
half,4
yr,4
young,4
agre,4
ableism,4
check,4
chick,4
commit,4
site,4
piss,4
michelleobama,4
within,4
none,4
militari,4
cold,4
brother,4
posit,4
australian,4
rapaci,4
main,4
sexi,4
happi,4
slam,4
indigen,4
alabama,4
icon,4
crisi,4
biher,4
prejudic,4
seem,4
creat,4
press,4
perri,4
teen,4
dictat,4
rough,4
appar,4
place,4
rule,4
dem,4
settlement,4
notmypr,4
eah,4
horrifi,4
wife,4
brain,4
seen,4
violenc,4
rid,4
biden,4
ethnic,4
alleg,4
homophobia,4
experi,4
abt,4
parent,4
endof,4
attract,4
gt,4
omit,4
chain,4
requir,4
high,4
crimin,4
base,4
freemilo,4
guilti,4
incest,4
perhap,4
donkey,4
lack,4
wow,3
sound,3
establish,3
super,3
upon,3
view,3
fall,3
pretti,3
upset,3
ethnocentr,3
mecca,3
among,3
nice,3
date,3
drive,3
vari,3
hero,3
soro,3
insid,3
wing,3
islamophob,3
studi,3
smoke,3
grab,3
subtl,3
chief,3
endur,3
russian,3
hypocrisi,3
scumbag,3
produc,3
wud,3
student,3
amwrit,3
convinc,3
actual,3
equat,3
thug,3
profit,3
complain,3
yeah,3
born,3
richardspenc,3
develop,3
bhakt,3
embarrass,3
green,3
valu,3
common,3
shiless,3
unmask,3
stereotyp,3
deadliest,3
fragil,3
document,3
continu,3
discov,3
chant,3
oppress,3
add,3
humili,3
gener,3
afraid,3
msm,3
shitti,3
backlash,3
biggest,3
remind,3
toni,3
resolut,3
els,3
cheer,3
odd,3
care,3
commerci,3
trumpism,3
delta,3
harm,3
head,3
includ,3
em,3
cretin,3
movement,3
japanes,3
dollar,3
palestin,3
result,3
cool,3
pop,3
multi,3
control,3
condon,3
piec,3
uniti,3
german,3
averag,3
taxpay,3
capit,3
rohingya,3
classism,3
tho,3
evid,3
prosecut,3
dispos,3
pro,3
form,3
wake,3
ground,3
beauti,3
donald,3
low,3
brief,3
final,3
facebook,3
bewitch,3
thought,3
tlot,3
info,3
outrag,3
traffic,3
obstruct,3
argu,3
caught,3
wypipo,3
massiv,3
stillwithh,3
health,3
page,3
beloy,3
lt,3
threat,3
veil,3
pizza,3
conserv,3
scrub,3
abe,3
trc,3
instead,3
kaepernick,3
inclus,3
heel,3
represent,3
biblic,3
marri,3
otherwis,3
met,3
insan,3
contest,3
earli,3
bash,3
jimmi,3
sociopath,3
attempt,3
stuff,3
intellectu,3
polithispan,3
santa,3
destruct,3
syria,3
selfi,3
reaction,3
grow,3
attitud,3
quest,3
adam,3
asham,3
con,3
jeff,3
lifelesson,3
song,3
rondarousey,3
challeng,3
rich,3
enlighten,3
georg,3
chosen,3
mere,3
scream,3
servant,3
gonna,3
rate,3
told,3
britain,3
sinc,3
steal,3
jcpenni,3
myanmar,3
husband,3
airpo,3
donat,3
oh,3
stay,3
garbag,3
elitist,3
ale,3
scum,3
inform,3
dig,3
fact,3
bar,3
euref,3
refugeeswelcom,3
fun,3
stage,3
longer,3
boot,3
ban,3
womenvot,3
bodi,3
mention,3
unless,3
ambassador,3
attorney,3
someth,3
fals,3
audiblechannel,3
poor,3
narcissist,3
preorder,3
eye,3
journal,3
lgbt,3
rememb,3
latina,3
systemicrac,3
gun,3
repres,3
march,3
team,3
demo,3
footbal,3
korematsu,3
bill,3
releas,3
past,3
rais,3
inflam,3
imperi,3
applic,3
riddanc,3
cult,3
salad,3
version,3
youtub,3
shi,3
gweh,3
lead,3
southern,3
crash,3
canada,3
buffalo,3
professor,3
hire,3
though,3
vp,3
belgian,3
blatantli,3
comedi,3
content,3
th,3
away,3
detroit,3
mark,3
cleveland,3
msnbc,3
trial,3
child,3
empow,3
convict,3
neo,3
imposs,3
whitesupremacist,3
disrespect,3
anc,3
thousand,3
number,3
highli,3
correct,3
atlanta,3
messi,3
district,3
ultra,3
viral,3
xma,3
despit,3
remain,3
divid,3
disgust,3
fred,3
month,3
anywher,3
prison,3
appeal,3
role,3
relat,3
deep,3
pictur,3
headlin,3
voic,3
shock,3
host,3
whole,3
enjoy,3
space,3
moral,3
shoot,3
amjoy,3
ration,3
choke,3
communist,3
forev,3
compani,3
research,3
mormon,3
tlc,3
loser,3
hillaryclinton,3
lol,3
microaggress,3
ego,3
blk,3
narr,3
centuri,3
seat,3
protect,3
difficult,3
choos,3
allahsoil,3
po,3
relationship,3
classifi,3
jesu,3
period,3
femal,3
rather,3
rhetor,3
neglig,3
raid,2
contempt,2
taught,2
futur,2
sheet,2
ran,2
quantico,2
unbeliev,2
blogpost,2
befriend,2
advoc,2
jarrett,2
ccot,2
publicli,2
stem,2
rnc,2
presidentelect,2
smh,2
laugh,2
safeti,2
incess,2
climatecrim,2
flood,2
blmmight,2
justifi,2
key,2
whitegenocid,2
iran,2
test,2
id,2
suggest,2
indignen,2
evolut,2
hold,2
overus,2
nasti,2
desir,2
drink,2
viacomment,2
facepalm,2
politblack,2
libcrib,2
inuit,2
suicid,2
activ,2
folx,2
miamirealli,2
demon,2
orlando,2
night,2
middl,2
guess,2
monger,2
ex,2
spice,2
special,2
caer,2
three,2
sunderland,2
trigger,2
highfashion,2
retro,2
ignorallahsoil,2
bail,2
melt,2
attorneygener,2
westerncap,2
raygun,2
retard,2
jail,2
regress,2
save,2
impo,2
pastor,2
warn,2
shop,2
area,2
modern,2
employe,2
zuma,2
assist,2
ceas,2
cameron,2
stood,2
draintheswamp,2
kumbaya,2
mine,2
connect,2
cdnpoli,2
ivanka,2
palladino,2
voterid,2
intellig,2
hea,2
kiss,2
bonus,2
tip,2
engag,2
manu,2
global,2
misogni,2
along,2
womenmalayalam,2
patriot,2
politalso,2
prostitut,2
redact,2
shake,2
plutocrat,2
repoer,2
feloni,2
plettenburgbay,2
malema,2
psycholog,2
shallow,2
lettuc,2
council,2
mysoginist,2
patriarchi,2
propoganda,2
eras,2
ceain,2
henrico,2
quebec,2
mostli,2
mix,2
popular,2
lunat,2
sexual,2
lame,2
laid,2
twice,2
silent,2
stalk,2
bye,2
refut,2
treacher,2
shown,2
worker,2
cbc,2
blackonblack,2
enabl,2
tool,2
plz,2
jan,2
european,2
bought,2
chose,2
mistak,2
dontbuythesun,2
cant,2
author,2
argument,2
consid,2
inflict,2
lake,2
inter,2
dread,2
adamsaleh,2
thin,2
economicapahi,2
proof,2
antiwhit,2
anymor,2
reagan,2
scam,2
flap,2
coverup,2
condescens,2
poopin,2
blacktwitt,2
inmat,2
univers,2
didnt,2
germani,2
rare,2
beauregard,2
zionist,2
instruct,2
david,2
barrackobama,2
ie,2
safe,2
geograph,2
quick,2
anal,2
exploit,2
cowork,2
rage,2
officerstaff,2
kurd,2
fellow,2
hitler,2
uncl,2
deliber,2
hide,2
selah,2
hot,2
interraci,2
slice,2
disabl,2
ring,2
nye,2
newshow,2
path,2
divis,2
opkkk,2
yur,2
largest,2
rousey,2
hey,2
apolog,2
viablack,2
tv,2
neighborhood,2
might,2
thailand,2
adult,2
netanyahu,2
west,2
cowboy,2
till,2
blatant,2
kenya,2
anim,2
antiamerican,2
saleh,2
went,2
publish,2
fucktrump,2
airlin,2
civilian,2
alexjon,2
ushistori,2
king,2
cut,2
choic,2
actor,2
cab,2
snap,2
billion,2
austin,2
cannon,2
fine,2
union,2
hillbot,2
benghazi,2
asia,2
yehtut,2
tori,2
anonym,2
belong,2
larg,2
hamid,2
jame,2
china,2
dismantl,2
ksa,2
dec,2
takuyakimura,2
joie,2
pm,2
incred,2
late,2
teacher,2
politallahsoil,2
label,2
absolut,2
colleagu,2
disney,2
ideolog,2
folk,2
riyadh,2
aidingenemi,2
figur,2
camstaff,2
cat,2
f,2
hispanicvot,2
measur,2
restrain,2
kwanzaa,2
concur,2
fp,2
exit,2
chairman,2
yiannopoulo,2
appear,2
sharp,2
trumpblack,2
repuls,2
confess,2
solv,2
assumpt,2
glad,2
degrad,2
behav,2
disavow,2
nune,2
wed,2
risk,2
behavior,2
impoanc,2
cheerlead,2
bait,2
celtic,2
sir,2
blast,2
whitewash,2
hashtag,2
letstalkabout,2
spew,2
philosoph,2
empir,2
wordmight,2
seek,2
racewar,2
imagin,2
ecocid,2
mma,2
associ,2
ukrain,2
often,2
goad,2
tupperwear,2
mo,2
motiv,2
htcome,2
coroni,2
sedit,2
eff,2
powerhungrytraitor,2
michigan,2
discrep,2
ignornew,2
cruel,2
impact,2
store,2
childish,2
oligarch,2
door,2
throw,2
killer,2
sequel,2
interview,2
gb,2
virginia,2
sit,2
escap,2
villag,2
alcohol,2
blond,2
cracker,2
minut,2
push,2
champ,2
humour,2
saudi,2
rose,2
unstopp,2
shackl,2
medit,2
amerikkka,2
dick,2
ref,2
taharrushgamea,2
dogwhistl,2
side,2
whitenationalist,2
welcom,2
cutest,2
excus,2
involv,2
ld,2
suit,2
struggl,2
bonhoeff,2
wil,2
actthink,2
thegreenpalmcottag,2
regular,2
western,2
endless,2
car,2
rag,2
omg,2
januari,2
outlet,2
wors,2
chelski,2
appropri,2
stream,2
mexico,2
station,2
trumphey,2
minion,2
menorah,2
viahispan,2
orang,2
repugn,2
movi,2
english,2
thiev,2
crude,2
zill,2
wage,2
k,2
titti,2
physic,2
explan,2
mcdonald,2
chao,2
thread,2
woow,2
sweeti,2
montana,2
attend,2
blog,2
two,2
truli,2
centr,2
cent,2
jefferi,2
actblack,2
sundown,2
qualifi,2
aboion,2
nsfw,2
yay,2
clean,2
illegitim,2
plaster,2
model,2
defeat,2
entri,2
guardian,2
bulid,2
talent,2
ebay,2
insecur,2
colt,2
condoleezzaric,2
bs,2
sure,2
smell,2
salut,2
major,2
resent,2
altern,2
ca,2
cake,2
oust,2
incid,2
tax,2
mater,2
nytim,2
subject,2
lectur,2
prop,2
burn,2
overwhelmingli,2
touch,2
wont,2
blood,2
amend,2
platform,2
photo,2
demand,2
journo,2
sell,2
boss,2
promis,2
storytel,2
ofc,2
east,2
slander,2
crusad,2
optrump,2
mummersparad,2
step,2
clariti,2
usher,2
dictionari,2
pure,2
litter,2
macdonald,2
councillor,2
dr,2
korean,2
sale,2
alllivesmatt,2
oppoun,2
un,2
inspir,2
custom,2
philandocastil,2
traitorump,2
birdsofafeath,2
illegalisraelisettl,2
lede,2
poc,2
beat,2
rout,2
sob,2
uniteblu,2
forward,2
foxnew,2
wast,2
trumpsamerica,2
ralli,2
ya,2
offend,2
titl,2
complet,2
ampallahsoil,2
guid,2
neck,2
goodby,2
popularvot,2
ht,2
potter,2
wanna,2
blind,2
cameronstaff,2
wildest,2
grew,2
accord,2
cite,2
effo,2
trumptrump,2
facil,2
pc,2
flyer,2
mouthpiec,2
announc,2
clip,2
hispan,2
israelisettl,2
prez,2
per,2
delet,2
weapon,2
bacon,2
savor,2
antiblack,2
colinpowel,2
lure,2
mf,2
return,2
shyan,2
soon,2
brag,2
unpack,2
narrow,2
oppressor,2
slap,2
sam,2
socialist,2
spoke,2
snowbal,2
arriv,2
patienc,2
honestli,2
echo,2
negro,2
hit,2
refus,2
graviti,2
scare,2
empathi,2
treaci,2
geniu,2
bear,2
bag,2
secretaryofst,2
censorship,2
bias,2
snob,2
innoc,2
basket,2
imag,2
encount,2
held,2
inferior,2
recent,2
happyholiday,2
slow,2
radio,2
treasonoustrump,2
hug,2
econom,2
upf,2
thependulum,2
gate,2
hocoschool,2
bernank,2
harder,2
helpcovedolphin,2
draw,2
four,2
mayor,2
arrog,2
wouldnt,2
morn,2
reinforc,2
clearli,2
badli,2
trust,2
acab,2
l,2
sourcen,2
blackvot,2
loss,2
gandhi,2
butt,2
intent,2
resourc,2
trampl,2
exclus,2
loos,2
douchebag,2
thyini,2
viathought,2
neonazi,2
betray,2
former,2
ago,2
plethora,2
hackett,2
taharrush,2
doubl,2
natur,2
oiler,2
nearli,2
pedophil,2
boycottdelta,2
conman,2
crack,2
euro,2
congress,2
foolin,2
vandal,2
mansplain,2
chicago,2
jackal,2
thiza,2
derek,2
decid,2
bout,2
pre,2
cultism,2
bastard,2
bailey,2
seri,2
columbiamd,2
slave,2
breed,2
daughter,2
coffe,2
rife,2
fyi,2
fri,2
opinion,2
travel,2
price,2
irish,2
inquest,2
factophobia,2
paid,2
room,2
dump,2
coverag,2
tale,2
ivankatrump,2
noh,2
agenda,2
whitefish,2
soccer,2
gaslight,2
rep,2
refer,2
asianmen,2
morganfreeman,2
blue,2
sens,2
fast,2
blackwomen,2
spit,2
product,2
turmoil,2
zero,2
fell,2
christmasadv,2
took,2
ador,2
slant,2
georgia,2
bed,2
chanc,2
canuck,2
grp,2
bind,2
entitl,2
rebellion,2
sturgeon,2
break,2
stopsex,1
slaveown,1
petou,1
whale,1
pseudoscibill,1
sexobama,1
qb,1
latebook,1
equalblack,1
throatblack,1
buzzfe,1
videoallahsoil,1
standwithisraelmizzou,1
meaninglesslet,1
acabone,1
stockholm,1
jolli,1
teamsuperjuniorpre,1
looney,1
instrument,1
ampth,1
chricheck,1
tl,1
raceallahsoil,1
pubfrict,1
warmong,1
griffith,1
newswithneed,1
khan,1
americawin,1
politbring,1
brutal,1
pissedoffitalianpay,1
samwu,1
happynewyeardecolon,1
communtragic,1
teenagnever,1
judgdestruct,1
shabbatshalomthought,1
americaohio,1
curs,1
fascismpatriotwatch,1
popul,1
toy,1
scari,1
crow,1
cheatercarlpaladino,1
perhapmani,1
leaveeumight,1
pwork,1
ohodox,1
metoo,1
christmatravel,1
lgot,1
weirdoallahsoil,1
londonmani,1
defil,1
absolutladi,1
polittake,1
whitelauren,1
depoatman,1
raceone,1
wordwhitepeopl,1
divers,1
locat,1
persecut,1
reallitranssexi,1
rewrit,1
dickhol,1
jehova,1
mmiw,1
nitalian,1
keithx,1
inevit,1
enablmight,1
altrightget,1
deviltruth,1
lazioallahsoil,1
internet,1
teambtblack,1
grave,1
treasonnext,1
conflictmani,1
michelleobamaalt,1
rockjoke,1
embolden,1
acceptcountdown,1
sabotag,1
tire,1
rambl,1
whiteallahsoil,1
rantjoemixon,1
correl,1
actboy,1
ampmight,1
fostercarbasic,1
slanderpiec,1
goforget,1
replacyclay,1
boycottoffic,1
wild,1
bringbackpaglet,1
helm,1
pricknazi,1
makeowhite,1
nuditi,1
newswithmight,1
wildlif,1
helpwhine,1
hamzayusufdonkey,1
reactionbeyond,1
counter,1
su,1
raceplayvictim,1
draintheswamppleas,1
bitchesbeliknext,1
blackman,1
racewarchess,1
oveurn,1
graceless,1
blacksagainsttrump,1
wmn,1
egomaniaclibtard,1
copkil,1
glee,1
liveleap,1
distract,1
comparisonhomegrown,1
onlinblack,1
womensordinforgot,1
gov,1
htticymi,1
jerusalemmight,1
foodihammock,1
humphrey,1
mdcollegpreorder,1
bigotritrump,1
neveool,1
peoplagre,1
chokefo,1
janmight,1
cutbest,1
hebrewamerican,1
terroreduc,1
timwis,1
womenthought,1
merrychristmaaw,1
sikh,1
inconsequendecid,1
vine,1
cnnhispan,1
displac,1
decriminalizliber,1
hatetakin,1
warrior,1
blmtoday,1
sightpeopl,1
womanwhite,1
nationalanthemstock,1
ethnocentrkind,1
godsea,1
useless,1
huallahsoil,1
blacomedi,1
youdisgustm,1
affili,1
uber,1
soul,1
causgo,1
appendix,1
ampye,1
disparo,1
rockinev,1
screampueorico,1
mustfalprinc,1
messeng,1
bullshitend,1
indigenironi,1
tinyhand,1
peek,1
fuckholiday,1
afternoon,1
woodrow,1
losangelsikh,1
saytrump,1
coveragessenti,1
africanpleas,1
juan,1
passoop,1
linguist,1
oppon,1
democracimustread,1
lawmak,1
fallaci,1
sweep,1
wordkevin,1
viamani,1
cjreform,1
oftenallahsoil,1
data,1
carepleas,1
consent,1
empowerd,1
cclearli,1
cash,1
nzpol,1
healand,1
secretli,1
eteven,1
pull,1
septemb,1
shstun,1
miamibiher,1
tolergo,1
lapdog,1
uspoli,1
nigeriafeminismiscanc,1
rulgonna,1
yeg,1
islamofascist,1
giveallahsoil,1
nofear,1
bigotwomen,1
probabl,1
housewiflike,1
hellmarijuana,1
colorblind,1
adsuck,1
betwn,1
errand,1
survey,1
newsteam,1
childabus,1
scale,1
zeroattack,1
americadisgust,1
beast,1
bigotwtf,1
dickirrit,1
pcracker,1
colorlook,1
munmidvideo,1
bookpublish,1
crab,1
pighell,1
teamcancfall,1
cheap,1
calmli,1
prettitell,1
lookhighlight,1
beer,1
worldman,1
nobodi,1
anger,1
resolv,1
retail,1
matur,1
ignorfox,1
anacoexplain,1
wantsunburi,1
hitlerjugend,1
justsaybruh,1
stockpilsend,1
fatherhood,1
higher,1
algonabluntli,1
ignorjudd,1
pattismith,1
bigotracist,1
yellbuffalo,1
bn,1
crookedtrump,1
hollabackhatr,1
tamanna,1
historicalamnesiahistori,1
stilltime,1
postion,1
onlywhitechristmakorean,1
endofcivilallahsoil,1
wlike,1
audism,1
gang,1
douchelord,1
boricuaplz,1
integr,1
memo,1
spectrum,1
ignorhidden,1
charact,1
sarcasm,1
propeyallahsoil,1
nbout,1
lgbtfamili,1
fullretard,1
opinionsend,1
aiclreson,1
foolish,1
showmeyoureawoman,1
worlddie,1
loath,1
gwotforget,1
liarvideo,1
whop,1
boycottmight,1
manhattankrakow,1
hid,1
featur,1
flt,1
finger,1
jewishsupremacistmight,1
reefer,1
fabric,1
sendtrump,1
humandefeat,1
newswithforget,1
affair,1
confin,1
spot,1
versac,1
mdcolleghot,1
yearnicola,1
essay,1
uneduc,1
joint,1
kettl,1
paint,1
boycottdeltaneonazi,1
hump,1
tedatibmmight,1
vengeanc,1
canadau,1
taleamp,1
dzang,1
irishrepeat,1
herschlag,1
minorracist,1
upenn,1
causcarl,1
gtblackpeopl,1
enteain,1
autocorrect,1
imopre,1
picturebangladeshiamerican,1
everybodi,1
blacklivesmattlatest,1
huffington,1
byup,1
tw,1
maddowbewar,1
bluelivesmattkeep,1
racismreel,1
todaysea,1
note,1
implic,1
verbal,1
trumpworldhappi,1
sexsea,1
teamsuperjunioranyon,1
resignfemin,1
viauk,1
hillariimwithh,1
friendmight,1
dudetrump,1
hook,1
diseasblack,1
classsea,1
supermistict,1
kot,1
htttonight,1
epitomeofsorrow,1
journalgiant,1
socialmooc,1
workplacppl,1
spaceradic,1
reprehensimmigr,1
chihuahua,1
journalist,1
msg,1
politstrang,1
jobeveri,1
ha,1
innov,1
obamaalreadi,1
changtold,1
will,1
achil,1
prowar,1
rector,1
purg,1
socialjustic,1
edinburghu,1
galeri,1
picturrepublican,1
terminolog,1
surli,1
tpc,1
disingenu,1
endthenguess,1
ratri,1
illustr,1
undermin,1
tune,1
nano,1
discriminpleas,1
teamsuperjuniordictionari,1
coward,1
formallahsoil,1
photowhite,1
muslimbrotherhood,1
relmaga,1
intersection,1
ampmake,1
brandbookreview,1
unitedstateschampion,1
menpriyankachopra,1
parentwhole,1
blmend,1
ear,1
canadian,1
wave,1
newswithvote,1
movementvandal,1
boycottend,1
lesschick,1
diaz,1
adamsalehmight,1
express,1
chronic,1
v,1
excusmake,1
emiratiracist,1
didnot,1
lovejapan,1
intrus,1
solidar,1
institution,1
kingconrad,1
adamitv,1
button,1
segregthat,1
ai,1
whitegenocidstupid,1
mrallahsoil,1
newyorkdisgust,1
narciss,1
criticsmh,1
becominhappyholiday,1
hotlin,1
kindlanc,1
smog,1
graduatpeopl,1
mafuckarealiti,1
leagu,1
saturdaimagin,1
hoodi,1
myth,1
billioncome,1
latino,1
slug,1
putinspuppetironi,1
actkindled,1
uyanzmediamisogyni,1
noafd,1
politwork,1
politjeffsess,1
okay,1
survivor,1
winger,1
sarcasmmma,1
southafricakind,1
crescislam,1
hateallahsoil,1
mass,1
mate,1
politchepstow,1
politteam,1
starspangledbann,1
miamiracism,1
affect,1
calgaripatriotwatch,1
worri,1
chrismukkahalso,1
racebait,1
misandri,1
malayale,1
southafricasea,1
altogeth,1
afrofutur,1
invis,1
rightist,1
kinda,1
goisrael,1
halfgreet,1
properli,1
plannedparenthood,1
sewer,1
fill,1
justicereformtbt,1
terrac,1
magascrutin,1
count,1
citizenri,1
communistsikh,1
muslimobama,1
callword,1
junior,1
policeman,1
supposmoke,1
coulda,1
hypocritporn,1
miamigirl,1
discriminbrutal,1
almost,1
wene,1
kidshuckin,1
overlapsurpris,1
cymruholiday,1
youth,1
endhatallahsoil,1
clearliimposs,1
obviou,1
legitim,1
pipemeanwhil,1
tiffani,1
factracism,1
cleans,1
electr,1
buri,1
milwauke,1
intersect,1
callsay,1
nopegida,1
fuckdanger,1
httblack,1
israelantic,1
whiteporn,1
comprehend,1
gtdeep,1
plate,1
communus,1
tuckercarlsonim,1
basketbal,1
shillpeopl,1
likedr,1
politstop,1
colonis,1
marxismsanta,1
fakenewsalstand,1
tcotdearfellowwhitepeopl,1
assur,1
openattack,1
omarosa,1
actcountri,1
bee,1
unbornlivesmattever,1
jacobmarley,1
gthear,1
anarch,1
sweepnope,1
capitol,1
malay,1
score,1
owsocieti,1
scifi,1
subhumanblack,1
soldblack,1
systemspo,1
equaltypic,1
combattoday,1
thoutrump,1
nostrach,1
ignorcome,1
trumpsamericahappen,1
sexoffend,1
caoongover,1
drop,1
cancel,1
capon,1
slaverjeffsess,1
islamaphobiajosephjett,1
seashepherdsad,1
filthi,1
aist,1
dancer,1
athlet,1
irrefut,1
overlapcoz,1
resignfacemask,1
wordwhite,1
cnnhear,1
fuckrealitycheck,1
vidmale,1
jeremyjoseph,1
progressmillenni,1
amandanun,1
cave,1
presidentobama,1
newyearsevyr,1
politicalcorrect,1
honesti,1
offenc,1
photograph,1
amid,1
embodi,1
florida,1
expectlibtard,1
observeverytim,1
lovegirl,1
arabkeep,1
unrepent,1
miamijessica,1
gaslightjeffsess,1
bookapprox,1
asslickpopular,1
governor,1
yaymoron,1
mosqu,1
misogynistopgo,1
woke,1
oven,1
liarallahsoil,1
saturdayblogsharsick,1
dickmiami,1
whiteperson,1
girlspecial,1
slit,1
crave,1
oprahrefer,1
teenagsex,1
slapcam,1
karachi,1
theyr,1
maryland,1
manhatmake,1
miller,1
americaalt,1
signofthetiminsult,1
likrichmond,1
illegalsettlallahsoil,1
map,1
mlkamerica,1
womensright,1
yetamp,1
attackrememb,1
defineepitomask,1
reichiwantto,1
trumpless,1
stepmom,1
uncivilis,1
rightcare,1
massstriker,1
sewag,1
actperhap,1
advanc,1
getresign,1
commonwhite,1
miamitruli,1
happyholidayhuh,1
topoliblock,1
terri,1
movialmost,1
suppoermorgan,1
ongo,1
beach,1
entreteihatecrim,1
mustfal,1
hilari,1
jailcorrect,1
hatrcud,1
award,1
avitar,1
seeblack,1
uncovtypic,1
educj,1
wtrump,1
corporateb,1
ignorfo,1
depend,1
mtvwhiteguyhey,1
humor,1
alreadiobama,1
sciencefict,1
worldview,1
franc,1
loudest,1
michelleobamaquebec,1
detent,1
teambtmustread,1
nobordku,1
thinkenough,1
avers,1
likefeminismiscanc,1
knock,1
amanda,1
chingua,1
howel,1
republ,1
fagovern,1
sisteranc,1
iqgalt,1
cnv,1
megyn,1
newswithchick,1
politobama,1
huge,1
fotiadispread,1
mgtpre,1
mediahot,1
thoughallahsoil,1
aswelclimatechang,1
miamisay,1
resilidystopian,1
babi,1
mama,1
cityjournsafe,1
dayblack,1
hilton,1
populstereotyp,1
duca,1
usualmajor,1
horrif,1
politus,1
bwahahahahahawonder,1
founder,1
sho,1
gamecomment,1
asean,1
stopphope,1
sexjewish,1
femingracemugab,1
feminbuffalo,1
fesay,1
ncaabtw,1
sweetpotato,1
actpeopl,1
yong,1
marin,1
giftcleveland,1
vothold,1
mtpreorder,1
shout,1
blminnoc,1
afl,1
unbopleas,1
eugeni,1
clock,1
homo,1
southafricawhitesupremacist,1
sexualbulli,1
tape,1
pari,1
cowardallahsoil,1
magapueorico,1
ignordumbest,1
mercioh,1
rightthought,1
erica,1
criticlisten,1
couragcraze,1
typic,1
manspreadharsh,1
ufc,1
anchor,1
spend,1
mastermight,1
joblassgood,1
dummi,1
haim,1
lowest,1
inquiri,1
wwii,1
lbgt,1
orgasmla,1
sdlive,1
hateeveryth,1
waronwomen,1
hipster,1
bridg,1
knowbullshit,1
powerhour,1
checkcash,1
confirmjeffsess,1
doctrin,1
rapechucktoddlike,1
investig,1
womenallahsoil,1
fashiookay,1
underli,1
disdain,1
front,1
havin,1
complic,1
boardnewyearsev,1
jumpedthesharkfeminismiscanc,1
mcdaniel,1
billionair,1
prohibit,1
antisemithomicid,1
top,1
standtrump,1
usadiagram,1
politrohingya,1
micallahsoil,1
cannot,1
verbalassaultpolic,1
complementarian,1
mandat,1
msdhu,1
girlporn,1
vialike,1
dnc,1
saturdawahhhh,1
bigotallahsoil,1
idol,1
pigallahsoil,1
sonhey,1
diehard,1
chickabsurd,1
uday,1
lanallahsoil,1
festiv,1
agrelumpi,1
ignorepisod,1
dutch,1
joinsan,1
wlk,1
damon,1
combattalk,1
stlallahsoil,1
bookwhite,1
reapprais,1
medtrumpusa,1
withoimpoant,1
objectifi,1
bilal,1
rightcharlespaladino,1
wantwomen,1
freethenipplheck,1
notmypresidreview,1
trhtfair,1
tlotpeopl,1
sum,1
medicin,1
discredit,1
queue,1
classi,1
prime,1
ideologstupid,1
journalistmen,1
policiriyadh,1
everybodifar,1
moneyovermorchomski,1
federlinracism,1
leadershipsikh,1
boricuatime,1
muthafucka,1
tinfoilhatfeminismiscanc,1
politwaitingf,1
reliableconomicsanct,1
blacklistinshut,1
lgbtq,1
britishreagan,1
watchyup,1
islamaphob,1
provid,1
pride,1
equalsikh,1
racistracist,1
pathetbuffalo,1
kick,1
combat,1
superior,1
footag,1
sickenomg,1
climatechang,1
nerd,1
whoreboycott,1
annihil,1
jewworldord,1
americatarget,1
seashepherduk,1
hatesorrisay,1
forher,1
arkansanigelfarag,1
disgracstop,1
colwast,1
lawqualif,1
politdick,1
actwish,1
notfunniawar,1
intend,1
pamgelleheracist,1
miamitrump,1
glitter,1
equival,1
moveabl,1
commut,1
backhandmisogoni,1
scumthank,1
although,1
drug,1
andjivin,1
swingtanzenverbotenawesom,1
saw,1
deniman,1
pigracism,1
democraci,1
unwelgop,1
hmm,1
whiteobvious,1
refresh,1
rip,1
trumpismlead,1
sameshitnewyear,1
hatrnote,1
pack,1
la,1
miamimuch,1
deseret,1
preval,1
kanyewest,1
champion,1
immanuel,1
indec,1
unlik,1
magaeah,1
americastay,1
legislaturexemplifi,1
anywheridioci,1
effectbook,1
hatraris,1
shelvey,1
definitwin,1
goyim,1
ampunivers,1
politgirl,1
wgood,1
dumptrump,1
zit,1
teambttrump,1
commigonna,1
bradshaw,1
surgic,1
bread,1
explanpaul,1
harlem,1
infant,1
fuel,1
familycircu,1
cabl,1
asshat,1
breath,1
oft,1
mustmatter,1
fb,1
politexcel,1
compassdespis,1
cowardflashbackfriday,1
wordpull,1
fishburn,1
womenissu,1
electadam,1
fergusonhorribl,1
trumpshare,1
blacktwittmiss,1
politnewyear,1
alsosurpris,1
diversthread,1
anywayboycotttigerwood,1
fearallahsoil,1
slip,1
wilson,1
likeye,1
sexifeminismiscanc,1
hearputin,1
holier,1
deadli,1
highereduc,1
jeffsess,1
notrump,1
phrase,1
votelike,1
nonsens,1
impeachtrumpwhite,1
ladrsuess,1
reemerg,1
winter,1
sexpeopl,1
readye,1
antisemtrebellion,1
meandefund,1
valugovt,1
emiratibillionair,1
cspan,1
whitepowmultipl,1
tyrannikorean,1
clio,1
handwritten,1
provenincred,1
christiangenuin,1
playerliber,1
belli,1
blacklivinstagram,1
racizionist,1
pegidaread,1
afamhistum,1
teambtamp,1
heedblackfac,1
inhumanpsa,1
imperialsmjeffsess,1
panti,1
actvestal,1
reconsid,1
valuechainallahsoil,1
mmusimaiman,1
christmajoy,1
eg,1
feign,1
voteallahsoil,1
darn,1
incit,1
kbook,1
realisainsburi,1
environmentalist,1
cud,1
brexitpeopl,1
jewishjokkorean,1
bigotribiopolit,1
hlatest,1
migitorio,1
neg,1
newyorksay,1
thoughblack,1
rampant,1
wordsadli,1
alternetimmatur,1
chumpeveryday,1
factjonjo,1
peacekeep,1
illegalgunmay,1
seashepherdprove,1
callbuddhist,1
shopper,1
approv,1
disrespectik,1
daddi,1
demor,1
roughli,1
revoltingli,1
cuz,1
serious,1
acknowledg,1
spainliber,1
snapchat,1
fetish,1
refugeeswelcomfuck,1
ignortyler,1
ontoeveryon,1
duginsikh,1
describhappi,1
unjust,1
evan,1
grandson,1
murray,1
blacklivesmattsession,1
row,1
seriou,1
vianigger,1
dordarshan,1
swap,1
breadalmost,1
trafficask,1
justicneed,1
brilliant,1
tarnish,1
canadasomeon,1
blackmen,1
stigmat,1
jind,1
haha,1
semitmight,1
stereotypanti,1
carolsbycandlelightthought,1
bulliallahsoil,1
politscreenshot,1
videocrybulli,1
libearianwhiter,1
trumptrainmcconnel,1
blackgood,1
lactat,1
couesi,1
whiteamerica,1
declin,1
cschool,1
shishuckinandjivin,1
whitey,1
qatar,1
boonazi,1
golfsikh,1
pussygrabberinchief,1
grousaid,1
calm,1
reachwait,1
hi,1
taleuniversityofwisconsinmadison,1
afghanistanhip,1
guarani,1
zurich,1
cantanker,1
theme,1
boricuatrump,1
bondag,1
rhire,1
facesuspect,1
brownshi,1
bu,1
doesnt,1
busigreat,1
shsea,1
cockwombl,1
appli,1
accent,1
koetankauk,1
warwhite,1
condit,1
wtfturn,1
guyblacksupremacist,1
mysteri,1
altrightrapist,1
select,1
deplortheresist,1
genderstereotyp,1
binjew,1
endofth,1
nyelove,1
lockerroomtalk,1
skynew,1
competallahsoil,1
jgirl,1
livefeminismiscanc,1
asset,1
fuckexpos,1
sjwlogicscatter,1
claimhollywood,1
jancheck,1
wantjokeoftheday,1
road,1
leftard,1
hu,1
xenophobiarapecultur,1
nbc,1
neoliber,1
accid,1
wordkorean,1
palestinreleas,1
rabid,1
capetownmovi,1
gettrump,1
nooltham,1
racistgiven,1
skinhead,1
ride,1
mentalhealth,1
helpmean,1
readallow,1
messiah,1
merrychristma,1
blatantgo,1
trade,1
anymorball,1
nomine,1
samaria,1
trumpihaha,1
cobitter,1
datenobdi,1
ignorpleas,1
freshmen,1
pplbuffalo,1
amricasikh,1
kevin,1
encourag,1
politth,1
taijiforgot,1
deceit,1
bdsm,1
minoritypresid,1
nprdelet,1
hatertrump,1
disallowd,1
intern,1
tattoo,1
resistmight,1
lousi,1
jostupid,1
fightback,1
ignormight,1
trentmaytrump,1
norman,1
thanksjackass,1
behaviourtreasonoustrump,1
demean,1
youngturkoppos,1
actazealia,1
oprollredrol,1
whanalysi,1
roughwatcannot,1
trumpsnatch,1
provok,1
truebigot,1
react,1
writeseem,1
tattler,1
rwnjproblem,1
bloglatest,1
purposedli,1
culturalenrichcarolin,1
latent,1
effectfeminismiscanc,1
iah,1
mike,1
hategf,1
authoritarian,1
chat,1
goppropagandawish,1
quota,1
seashepherdnewyear,1
blacklivesmattpatriotwatch,1
womenmen,1
machin,1
waitblack,1
trumpuniverspastor,1
socialjutime,1
ltsum,1
januarigood,1
asap,1
frustrat,1
dissent,1
votersuppress,1
miamidespis,1
manchest,1
vidisgustsupermariorun,1
miriam,1
taxevadserious,1
ate,1
anybodi,1
berat,1
twitterblack,1
whose,1
miamiye,1
guysexism,1
racrode,1
diseastrump,1
mutual,1
duck,1
thoughtlive,1
challengvs,1
newsisra,1
exactli,1
ins,1
vogu,1
quietli,1
marketkeep,1
mediastudent,1
angrygaymafia,1
badhello,1
aquif,1
trumpleft,1
lithuania,1
imagemakeov,1
combatfantast,1
revengbtw,1
miamiprogress,1
prankster,1
mall,1
springst,1
valuechainhr,1
shameless,1
wellshot,1
resisticymi,1
progresverebel,1
staywokgreat,1
ami,1
catholicchurch,1
douchewafflprecis,1
busigo,1
laurenduca,1
blackword,1
criminholiday,1
discipl,1
screenshot,1
misconcept,1
horror,1
notmypresidappreci,1
yeachristian,1
cuckold,1
blowjob,1
domestwhite,1
lulic,1
terrorsaid,1
twitterbot,1
dkpolalmost,1
hateracism,1
wenttraffick,1
enablin,1
beverlywh,1
postholiday,1
literaci,1
math,1
shutmaga,1
inhuman,1
cringdie,1
funer,1
lord,1
ageoftrump,1
anythcrook,1
crediblmultipl,1
pointer,1
trumpinlieuof,1
strawberri,1
nomin,1
spanish,1
feminnoth,1
knowallahsoil,1
fuckfolx,1
crosscheck,1
nutteam,1
cell,1
teammusimaiman,1
taijiwell,1
fakequ,1
ampfuck,1
resignhot,1
coher,1
xxx,1
nakeantiwhit,1
wn,1
thigh,1
vehicl,1
rapeculturny,1
voteleav,1
respect,1
womensmarch,1
bigotrisurpris,1
talkhate,1
infidel,1
ridicul,1
pfascism,1
oldwomanfeminismiscanc,1
violencmtv,1
scotu,1
inequus,1
temptat,1
newyorkcome,1
idiotsay,1
politrevolut,1
villi,1
rotten,1
resultworst,1
wellsad,1
sadlidear,1
grassrootsact,1
magic,1
uknow,1
perk,1
gen,1
communshow,1
agendaever,1
teamsuperjunioroop,1
isolationist,1
murrayhat,1
alreadimight,1
ach,1
bandi,1
christmasevguy,1
defens,1
ultranationuk,1
naturtremend,1
wantfuck,1
pogirl,1
camterri,1
diversjeff,1
pose,1
breast,1
bdadvanc,1
spincologn,1
prey,1
updat,1
seashepherddear,1
happynewyeartrump,1
sexcant,1
immedi,1
dividerofanpaladino,1
historimust,1
duh,1
demoaxe,1
likemix,1
littleengland,1
blacktwitttrumpusa,1
religionwhite,1
sucklahoma,1
complementariannewyear,1
mtwashington,1
twittallahsoil,1
intermitt,1
nikita,1
isnt,1
turnmath,1
size,1
comrad,1
finland,1
biolog,1
peh,1
rapeugerambl,1
seeneed,1
screen,1
procrastin,1
reputmichel,1
miamimud,1
inaspanof,1
unicef,1
xenophobiathank,1
penney,1
lgbtanc,1
bitterhispan,1
comb,1
rother,1
mattruffgreen,1
manmexican,1
smhwife,1
parliament,1
eco,1
jean,1
increas,1
emballahsoil,1
duti,1
tribalball,1
faceholiday,1
viadear,1
politharbaugh,1
masslatest,1
boricuayear,1
washout,1
wakeup,1
suckneed,1
blacklivesmattuk,1
whiterac,1
suppoervideo,1
netanyah,1
slavelaborlatest,1
bushfeminismiscanc,1
criminwen,1
historithink,1
guzzl,1
indoctrinb,1
seashepherdblack,1
ibookpleas,1
workplacstop,1
traitornigger,1
leftcall,1
arabrepli,1
scurvi,1
sheep,1
yearempress,1
truckload,1
huh,1
sajnani,1
lmaomcconnel,1
protestpleas,1
pasturtrump,1
household,1
viacaturday,1
latervital,1
acttrump,1
beensqueez,1
princip,1
failmight,1
noyulin,1
hereticfoundbama,1
yavin,1
ampadvanc,1
victimhoodpm,1
nationalaoutrag,1
fightlikeagirlcritic,1
inequanswer,1
govt,1
aiclserious,1
grandmoth,1
parentag,1
drunk,1
fucktrumpgo,1
clown,1
solut,1
miamievolut,1
burmes,1
whitesupremaciinterest,1
boycottjcpenneypeac,1
americateam,1
christmasevgreat,1
emperor,1
maiman,1
salt,1
blogger,1
callfn,1
ripprevent,1
mediocr,1
stolen,1
moronsmattscapel,1
libergotta,1
corruptallahsoil,1
aberr,1
pscuss,1
wordwew,1
wellduh,1
contradict,1
goon,1
canadianvalu,1
ibooklast,1
aboupt,1
commonmayb,1
cuck,1
knee,1
christmasevjudg,1
bankallahsoil,1
tendenc,1
combatalso,1
burka,1
whiteprivilegmight,1
goodsea,1
manifestdestinisooooo,1
instil,1
donaldduck,1
shameaptli,1
kissmyarssmooth,1
seashepherdtechjunkiejh,1
disto,1
lgbtbet,1
suppress,1
hube,1
reproductiveright,1
nbavot,1
link,1
heightconfess,1
boricuawow,1
arent,1
saidkeep,1
wels,1
understandblack,1
californiapeopl,1
alliesforblackl,1
newsark,1
fatherracist,1
buggblack,1
strayamisogyni,1
communitystandard,1
politseem,1
wiunion,1
childrap,1
menallahsoil,1
marathi,1
expsleep,1
hansen,1
xenophobialet,1
buttholemouth,1
cathedr,1
yetlook,1
girlpeopl,1
excel,1
teambtgot,1
conaist,1
bodyimag,1
islamicrad,1
sdohboob,1
waronchristma,1
stloui,1
decre,1
culpabl,1
datingappsea,1
lowball,1
hag,1
rinose,1
favourit,1
mrareclueless,1
ukipwould,1
truthman,1
thur,1
aheadthank,1
gollybar,1
queen,1
disenfranchis,1
nokkktotal,1
loop,1
aandisra,1
miamisuspect,1
drain,1
notamericaschoic,1
truism,1
applaud,1
watchmight,1
lovecraft,1
ignorfascism,1
deltaairlin,1
jemel,1
teambthate,1
politsex,1
fascistdemocraci,1
fuckfox,1
cam,1
lessonnonsens,1
ibookman,1
compensatori,1
documentari,1
powerallahsoil,1
makeamericagreatagain,1
heabroken,1
firstworldproblemagre,1
eugenjeffsess,1
racecard,1
wifecongrat,1
emboldennewyearsev,1
genociddare,1
own,1
mouth,1
weaponrialway,1
teambtstuakenyon,1
notmypresidnetone,1
politicalmillenni,1
viatechjunkiejh,1
miamirealhousew,1
seashepherdmotherhood,1
tycarlpaladino,1
bigottwitter,1
skinsikh,1
emiratihamzayusuf,1
trumptrain,1
reprehens,1
event,1
palestinremark,1
neighbour,1
eyetalian,1
avenu,1
trumpfirst,1
americadoesntwanty,1
hawaii,1
reverspeopl,1
twist,1
sexjapan,1
chop,1
capabl,1
emiratinew,1
strongerenough,1
blmscapel,1
poorlike,1
miamiuk,1
everyonprais,1
ohio,1
miamibluntli,1
gear,1
unpreced,1
ampblack,1
njoke,1
edchatnake,1
ignorthink,1
awaycome,1
mp,1
tranever,1
punk,1
septword,1
ukip,1
oaballahsoil,1
peopltackl,1
sme,1
boricuaknow,1
jokealthough,1
jarodtaylor,1
weaken,1
cuba,1
simpleton,1
areascientist,1
disadvantag,1
racistmean,1
spreadlovethischristma,1
doctornew,1
israelneed,1
miamibewar,1
melanin,1
trumpliber,1
pamelaramseytaylorhard,1
retweetmight,1
seller,1
theresistathought,1
whitesheet,1
reactionallahsoil,1
expectguy,1
nudetrump,1
versacus,1
bunchmight,1
politmichel,1
politpeopl,1
porndear,1
rmma,1
mtpeopl,1
dept,1
hyena,1
roof,1
ignorthank,1
ignorantli,1
lpc,1
jerusalem,1
stereotypouuh,1
adampo,1
elsthought,1
nonazi,1
fascismcarriefish,1
heynoth,1
thoucours,1
httrump,1
janeelliotfeminismiscanc,1
drill,1
oftenhappi,1
fibromyalgia,1
ageism,1
muslimpo,1
nois,1
httclassic,1
fabul,1
americasuppos,1
cook,1
diseasporn,1
jerkbodi,1
simon,1
counti,1
daygreen,1
seashepherdproblem,1
miamicontent,1
pornstarpay,1
shere,1
remarkbuffalo,1
whiteland,1
ansling,1
curriculum,1
itz,1
racicomment,1
politrealli,1
wmad,1
corner,1
electnewyearsev,1
homesupremec,1
broad,1
dive,1
plight,1
failurblack,1
organis,1
bot,1
groupserious,1
trumpplayground,1
animnation,1
liter,1
separ,1
calendarunivers,1
promotwelcom,1
drown,1
whitesboro,1
marginalis,1
bettertruth,1
seashepherdmight,1
plantat,1
pl,1
unab,1
complaintass,1
videomotherfuck,1
proudtobeanamerican,1
emracial,1
policwould,1
circl,1
flippant,1
process,1
satanistwork,1
rhoasea,1
racisnowpeopl,1
jacket,1
possibl,1
pussimight,1
ddnt,1
seventi,1
wakeupamericacablack,1
farm,1
insultever,1
lovebeingalegendcomment,1
politacademia,1
pennyloaf,1
classeasi,1
baiter,1
confus,1
prankstermight,1
firegreat,1
worldtrump,1
resistsikh,1
conservat,1
moivirginia,1
thever,1
democraciwhite,1
wouldtruth,1
techlatest,1
dayenter,1
terrorf,1
prompt,1
viasikh,1
levin,1
interfer,1
politwell,1
radic,1
buffalofarmer,1
payholiday,1
hawkfuck,1
thingbook,1
pewpewliftalk,1
fuckcctv,1
infantil,1
round,1
latesnewmight,1
sweet,1
consult,1
actintoler,1
cmon,1
nuanc,1
christargentin,1
fearhatr,1
vedic,1
berlinattack,1
homophobiainvit,1
adl,1
tube,1
ussee,1
fatti,1
airingofthegrievallahsoil,1
emiratichief,1
whiteknightbjork,1
tpcultim,1
priviledg,1
burma,1
russiaread,1
denzelwashington,1
bluelivesmatt,1
wisconsin,1
godsikh,1
changeveri,1
virgin,1
compass,1
energi,1
dc,1
shadow,1
mentalintrumpsamerica,1
california,1
mob,1
venu,1
robinson,1
psycho,1
customsilenc,1
rawhite,1
tcotagre,1
cpc,1
wordfelt,1
teamsuperjuniorbluelivesmatt,1
wantmsg,1
bat,1
seashepherdobama,1
quickli,1
addifyousawinyouwhatise,1
claycountydevelopmentcorp,1
adhan,1
hidebuffalo,1
sulfur,1
bless,1
edinburgh,1
boricuahispan,1
legal,1
voteputinpl,1
statu,1
bootstop,1
seashepherdstoryvil,1
leb,1
copi,1
seemantisemit,1
ampput,1
obstacl,1
distinct,1
resignradic,1
hocomdone,1
innat,1
deplpay,1
heamight,1
evilmalia,1
espn,1
craziallahsoil,1
yeargreed,1
unfit,1
imit,1
dinnerpathet,1
hasbeen,1
tuckercarlsonlatest,1
falseequaval,1
whitesupremaciteam,1
littlemix,1
thoughj,1
notallmen,1
emiratimsnbc,1
miloyiannopoulo,1
picturfeminismiscanc,1
miamiabsolut,1
tcotcomment,1
firstfamili,1
otherdisgust,1
harvardsq,1
juvenilejustic,1
publicpolici,1
videogam,1
gegenrecht,1
messagnude,1
teamsuperjunioritalian,1
arabian,1
worldmeet,1
viabirmingham,1
resigncouncil,1
classus,1
hellomen,1
sessionthought,1
commentmsnbc,1
fairwhite,1
rhonda,1
resistnewyear,1
red,1
corruptgop,1
childfreneed,1
yyc,1
asshatalabama,1
merocrush,1
komo,1
sunday,1
frelat,1
contend,1
luckcollect,1
americamay,1
stereotypinde,1
girlboycot,1
thoma,1
subvers,1
gamemight,1
busili,1
baycat,1
collect,1
votetrophi,1
htrump,1
tinyfingeredpuppet,1
versacblessedt,1
tornado,1
miamiufc,1
tyrant,1
antiraclook,1
wordlatest,1
theistic,1
sexualharass,1
tvallahsoil,1
qusay,1
foreign,1
lifeguard,1
ellicottsquarebuild,1
musickatiesikphoto,1
knowshot,1
christiaallahsoil,1
traitorstop,1
returnmyvinyllatest,1
exhausttime,1
substanti,1
labour,1
fix,1
newswithpresid,1
getrealdonald,1
racisttypic,1
argumenthispan,1
callallahsoil,1
jewtrumpusa,1
craplook,1
sistersofcolour,1
bustymilfmight,1
hillbillisikh,1
compar,1
infect,1
bml,1
newswithblack,1
polittrump,1
yomillenni,1
bigotgirl,1
theresamay,1
bibl,1
profildefend,1
mediajeff,1
melo,1
dumbingdownofamericasave,1
stopthewarnetanyahu,1
viawoman,1
trendol,1
evenliz,1
teenagre,1
consider,1
bih,1
socialjusticvideo,1
boycottfake,1
taragon,1
gaza,1
hm,1
seehispan,1
beyond,1
tit,1
collud,1
consequsmile,1
trompa,1
sympathis,1
sara,1
freed,1
repli,1
putinexp,1
grenad,1
plane,1
womanleav,1
dismantlflight,1
problemname,1
potenti,1
inciner,1
misogyniallahsoil,1
factmight,1
blueeyesbrowneyjoke,1
yesterdaynews,1
gentlemen,1
deserv,1
cutechaplin,1
timeunitedn,1
fo,1
msnbcw,1
greattime,1
notmypresidopen,1
aussi,1
allgrownup,1
thefutur,1
liberalismball,1
jibe,1
hiredelet,1
israelthank,1
passion,1
swamp,1
fit,1
joy,1
notfit,1
inexist,1
nazibodi,1
guylaunch,1
trumpworldperson,1
handobama,1
apologist,1
wordserious,1
ideal,1
tasar,1
actcrazi,1
prais,1
niceallahsoil,1
tht,1
lynch,1
eugenbiher,1
hc,1
letterpeopl,1
myoneresolut,1
misogynialoha,1
agopotu,1
syrianutshellesson,1
lolhmmm,1
bikini,1
koolaid,1
rhashtag,1
idiotdisgust,1
treasonmight,1
gfimight,1
dom,1
tearfar,1
drinkdark,1
proven,1
fathersday,1
specif,1
dt,1
tyler,1
poweothewomenhate,1
sovereignti,1
volodymyrviatrovych,1
rock,1
loathsom,1
feder,1
readwoman,1
nazione,1
alon,1
socialmediadear,1
stancid,1
atsitruetop,1
lovenoth,1
celebritydeath,1
followdonkey,1
facebookblack,1
ohiodiffer,1
almostblack,1
steubenvil,1
shamtrump,1
easier,1
sandnigg,1
gtlatest,1
politsea,1
matthew,1
au,1
packyourshitobama,1
viciou,1
sander,1
worlddang,1
freemiloladi,1
ignorlesson,1
nofur,1
sblaarpleas,1
corrupttrump,1
easteuropeanfalsenarr,1
embrac,1
respectcarolyn,1
oscarshitler,1
nia,1
ignorback,1
nigeriarecent,1
confer,1
kilatest,1
whatsoeveither,1
commiprecis,1
boycotthour,1
toss,1
flushallahsoil,1
xenopbobiaappar,1
stripeal,1
micare,1
regim,1
dncchair,1
meetliber,1
womenwednesdaydystopian,1
stir,1
lostpopularvot,1
bate,1
ratoday,1
rsfthought,1
dumbfuckkeep,1
misogynistblack,1
fundament,1
disgustlet,1
yea,1
rottweil,1
ditrump,1
dvbmultimediagroup,1
trumplmfao,1
caoonish,1
callanim,1
magamtv,1
adv,1
net,1
whiteslav,1
andrew,1
proomichelleobama,1
peotu,1
laughablbecom,1
vegan,1
bankanti,1
axe,1
lunatlive,1
scumgreat,1
madefed,1
camp,1
maneuv,1
islamophobiahate,1
defendgtfoh,1
sexway,1
euroscept,1
betterhate,1
horizon,1
bediffer,1
farspoti,1
igmilitia,1
emojiinterest,1
politufc,1
irishman,1
iamnotab,1
email,1
natt,1
straght,1
perpetu,1
hv,1
redcovplz,1
murdernosurpris,1
planet,1
mtv,1
brought,1
stauphispan,1
auspolguy,1
amor,1
votefeminismiscanc,1
profillet,1
audiblechannelhappi,1
inbrtravel,1
feminright,1
occup,1
yeebon,1
donuldtrumpabsolut,1
neighborhoodage,1
smackdown,1
shelveyamateur,1
nudistwhite,1
endthenfakenew,1
canadianvideo,1
jumpsuit,1
immatur,1
damonsajnani,1
doublestandard,1
draftdodg,1
happynewyear,1
livepaladino,1
cbb,1
ahead,1
livenoth,1
rendit,1
kickrock,1
anothaleppo,1
boycottresearch,1
invasugli,1
fuckdonaldtrump,1
karl,1
unforgett,1
policfuck,1
putinpuppetallahsoil,1
neverumpterm,1
guyhispan,1
fanyon,1
htsex,1
whoa,1
aftr,1
passeng,1
felizreject,1
chumptrump,1
poray,1
homegerman,1
killallwhitemen,1
jim,1
statementitstheendoftheworldand,1
fighter,1
amricaoh,1
agoemma,1
manspread,1
brutalcome,1
maciblack,1
decaddespit,1
onelovallahsoil,1
rsikh,1
politscari,1
confeder,1
afp,1
peaceinarc,1
votesea,1
nafriandysess,1
weird,1
sake,1
exposerac,1
epwhite,1
underfir,1
doll,1
whiteisi,1
starwarsrogueon,1
americawaitingf,1
heroin,1
richi,1
happykwanzaa,1
policebrutget,1
toon,1
fooh,1
emiratiliz,1
ethnicdonaldtrump,1
chariti,1
educcarl,1
trumplatest,1
fascismo,1
brexitu,1
puppet,1
blmwaiter,1
boricuastop,1
poke,1
existmessag,1
racistvictim,1
politguess,1
faillet,1
emiratiblack,1
mariamight,1
spaminter,1
blmlt,1
prosecutorialmisconductthought,1
politoverwhelm,1
fearlessli,1
mailboxprid,1
salehporn,1
teamsuperjuniorexcit,1
dumbassallahsoil,1
tolerallahsoil,1
choicretweet,1
emiratiwast,1
catalunyatechjunkiejh,1
graduat,1
asssss,1
pad,1
lghispan,1
illegalgunamp,1
emiratindianapoli,1
semitneed,1
lib,1
rapeculturmight,1
blogblackfac,1
administr,1
manmad,1
ignordare,1
spoblack,1
janresearch,1
responsmichel,1
senad,1
okanti,1
psa,1
precissikh,1
hereticfoundstop,1
vet,1
claimstop,1
valuechainyr,1
amount,1
lolfamili,1
politlatest,1
deviant,1
misogynisttrump,1
politwakemeupwhen,1
construct,1
jackson,1
fucku,1
wordmegaupload,1
obes,1
changoutrag,1
aufstehnpeopl,1
formtrophi,1
wohless,1
appjoin,1
slaveend,1
surfacdenial,1
understanddear,1
trumpsign,1
eachispan,1
stopracallahsoil,1
generationkkkpreach,1
surprisopenli,1
greatindianapoli,1
oral,1
taint,1
streetfightpleas,1
volatil,1
slavethought,1
elxn,1
altrighterror,1
catdjt,1
swear,1
pigfeminismiscanc,1
bake,1
wowstop,1
minnesotavik,1
shitmight,1
tabl,1
consequblack,1
loserwoman,1
probabthank,1
wade,1
bitter,1
ect,1
veto,1
internationallaw,1
neve,1
editordear,1
limit,1
egg,1
starbuck,1
admiami,1
goodmight,1
access,1
blatantlisten,1
canpoli,1
heyallahsoil,1
transit,1
quiet,1
unsatisfi,1
resisttrump,1
workerneighbor,1
polygamist,1
shouask,1
butthucreep,1
combin,1
ladinyc,1
atwat,1
homejan,1
kitchenstop,1
taijitrump,1
seattl,1
thirdworldcanadaamp,1
burninhelnotic,1
trumpallahsoil,1
israllahsoil,1
usappar,1
fashion,1
vomit,1
asshelp,1
vulgar,1
barackobamabullshit,1
obamaexpress,1
utterli,1
rethinkdisciplin,1
haterallahsoil,1
joseph,1
malebama,1
cwt,1
freeway,1
twonitwittrumpsuppoperpetu,1
laborviollibtard,1
trendi,1
hillarinice,1
trollpreorder,1
cultureswaycover,1
worksheet,1
miamirespect,1
ibooksmall,1
interven,1
cora,1
attackmight,1
jetlag,1
materi,1
hyethink,1
boobmight,1
thinggo,1
teamsuperjuniorwhite,1
uppiti,1
kindl,1
hvww,1
pandi,1
moredun,1
verbalassaulthey,1
keepyoureyesonthepr,1
assholsea,1
bestfeatur,1
legend,1
amplike,1
remarkmight,1
highstool,1
uny,1
dismantlcept,1
daddygavemeamillionhispan,1
evennew,1
gazza,1
moviefon,1
camber,1
stopgive,1
assaultblack,1
invas,1
viaoffici,1
codifi,1
stationsikh,1
syndromever,1
wit,1
navi,1
racisthiv,1
naboomspruit,1
seashepherdkind,1
mcfadden,1
outragblacklivesmatt,1
kindleunlimit,1
viaknow,1
kickitout,1
boycottamerica,1
putinsbitchgood,1
deepli,1
betterguess,1
magahitler,1
request,1
syndrom,1
phenomenon,1
journalracism,1
genderequ,1
forecast,1
moonman,1
votehappi,1
repetit,1
politfather,1
interf,1
harmless,1
breakfast,1
wtfsomeon,1
tomlin,1
ignorisnt,1
predathappen,1
raciolinguist,1
janeelliot,1
obaman,1
imperialsmmight,1
utter,1
beforesexdemocrat,1
bigotyeah,1
helplessverifi,1
usspecial,1
boundariwhitenationalist,1
likeintoler,1
dipshitmake,1
blmsuspend,1
tellladi,1
eugenword,1
palestinianhistori,1
offensivememshown,1
retweethispan,1
heabreak,1
officdiscuss,1
likepeopl,1
retweetsea,1
boundari,1
bistro,1
guysay,1
seefamili,1
schoolallahsoil,1
pun,1
whracist,1
standardget,1
fakenewsmediareginald,1
ident,1
mentyler,1
triggerkick,1
commonsenslie,1
preztrump,1
clich,1
islamladi,1
electsea,1
april,1
acttell,1
bomb,1
kentuckiomfg,1
tsa,1
republicanracistlouisvil,1
crapsacjew,1
duechristma,1
antiraceveryth,1
kpop,1
mi,1
yousuck,1
gon,1
shockfactorfollow,1
greatprison,1
urg,1
funniliber,1
talebook,1
braziliansound,1
ovr,1
actcomment,1
barri,1
pointporn,1
seashepherdexperi,1
politemoji,1
pennsylvania,1
deni,1
hanukkah,1
coopt,1
actionmight,1
actomg,1
pastpossibl,1
malemanipur,1
wchick,1
commonwealth,1
tiesto,1
naignor,1
etr,1
cowracist,1
viawelcom,1
ebook,1
misrepresent,1
stuf,1
near,1
vsrealli,1
trumpsamericathink,1
costracial,1
thankdiisgust,1
politalexpasc,1
cooper,1
void,1
doublestandamn,1
unfittobeinpublicoffic,1
frat,1
triggerwarnsomeon,1
editori,1
bullicarlpalidino,1
pigoh,1
miamichristma,1
incl,1
obsidian,1
dna,1
scrap,1
presidentpussygrabb,1
shitdirectli,1
meetpro,1
bloat,1
princecharlwould,1
unfair,1
homosex,1
ordin,1
isisex,1
happennew,1
phototyler,1
nelsonmandela,1
usatime,1
gee,1
africacarl,1
digitpa,1
policebrutmight,1
islamist,1
bloggersblast,1
antiblacknoth,1
frauded,1
bolt,1
sue,1
watcsikh,1
viastop,1
pornallahsoil,1
malevotconserv,1
margin,1
educsikh,1
sentiment,1
leftistlunat,1
procreat,1
harmhumili,1
fuuuuuuuuuuuuck,1
bagdad,1
ellen,1
ignormother,1
leather,1
classroom,1
convers,1
trumpa,1
marriagst,1
amaz,1
footbaltarget,1
profess,1
tcotpic,1
blogcarlpaladino,1
predict,1
extoionwant,1
majornite,1
water,1
ignormayb,1
wordnext,1
mostlialtright,1
bihcontrolmight,1
ampeven,1
de,1
demagogueri,1
classic,1
wp,1
flier,1
leg,1
peni,1
antiraccharl,1
socialclass,1
wordmetric,1
religionofpeac,1
girldwyan,1
kindli,1
inaugurbuy,1
lehman,1
htstop,1
peopldeafen,1
whiteman,1
magicrjohn,1
impressid,1
cri,1
dankmem,1
leejaspconvo,1
bulliim,1
thallahsoil,1
smaimmigr,1
herford,1
spirituatlanta,1
ignorbarack,1
violenctrump,1
mispronounc,1
dumbism,1
russiag,1
kpopdancjew,1
silentproblem,1
whether,1
voterblack,1
insteadsikh,1
pasti,1
catcal,1
hillarylostwise,1
ideologporn,1
colleg,1
epicnick,1
crap,1
payday,1
hateexplain,1
pgot,1
thefutureisfemalfreedownload,1
economicapaheid,1
islamaphobialatest,1
brothersay,1
op,1
happenmark,1
chaer,1
ronda,1
everywherbout,1
respectyoya,1
gwent,1
highest,1
blmblack,1
immigrblack,1
anyway,1
politdeal,1
femingreat,1
unequ,1
respectcouncil,1
globe,1
prejud,1
eevalancastnote,1
knowmicrosoft,1
govexcel,1
rapefear,1
talkradio,1
culturalenrichdisgrac,1
restaur,1
occupi,1
privileglatest,1
strategi,1
aandkeep,1
calldull,1
reduc,1
emiratiallahsoil,1
logo,1
humandecid,1
actsomeon,1
lesbian,1
mexicosee,1
indoctrin,1
perfect,1
lobotomi,1
raison,1
guarante,1
sorelos,1
tedatibmnon,1
resignfeel,1
htone,1
citizenact,1
ndtv,1
aleksandr,1
staupzionism,1
actplz,1
loteni,1
tytime,1
kitchen,1
heaven,1
politmar,1
neverumppa,1
objectifserious,1
foodiworld,1
minorgraduat,1
discgenealog,1
narcissim,1
blacklivesmattsikh,1
companiwhite,1
followsystem,1
fearunivers,1
lolwhite,1
amandanunmight,1
reconcili,1
lackey,1
lgbti,1
cannabi,1
paranorm,1
merkel,1
suckconstantli,1
educfind,1
spacecuomo,1
nativ,1
trumpagrecarl,1
russianhack,1
incompit,1
blacklivesmattlol,1
idiocraciwomen,1
spinteam,1
inferioritycomplexbeyond,1
retweetcheck,1
scummight,1
golfpoint,1
simpl,1
ametur,1
cafenoirprojectallahsoil,1
wilmington,1
tolerpresidenttrump,1
wordmajor,1
fejeff,1
overcomconormcgregor,1
ndn,1
healthimight,1
marvel,1
americangrow,1
voteforget,1
nm,1
biggotri,1
terribl,1
colornick,1
timenegro,1
nevr,1
fascismallahsoil,1
center,1
hatetrump,1
fluentli,1
berlinwork,1
newyorkseem,1
ibookmight,1
democr,1
sicreli,1
balldefund,1
nationdivid,1
racbear,1
tubemix,1
masjidcome,1
combatlatest,1
awarforgot,1
network,1
thafinal,1
rega,1
thdocumentari,1
demonstr,1
hack,1
obamavictim,1
freehispan,1
naziprison,1
narrrestrict,1
mfer,1
extraordinair,1
repolearn,1
teamsuperjunioru,1
stoptalk,1
bigotbear,1
rsf,1
adultedudivers,1
terroristpa,1
fare,1
dreamanti,1
societibusi,1
othersniff,1
humanrightswatch,1
metaphorsexist,1
womentrump,1
polygeni,1
drugblack,1
er,1
democracinew,1
magainvit,1
ncaa,1
gave,1
hatethought,1
prefer,1
datingapprebellion,1
bigotrushlimbaugh,1
lid,1
stabl,1
downwiththetriarchi,1
slogan,1
notracisttexa,1
leadereverytim,1
bunch,1
launch,1
terroristalthough,1
architectur,1
somehow,1
aim,1
blmalt,1
tucker,1
cogniz,1
hanniti,1
teamsuperjuniorfeminismiscanc,1
deme,1
eyesea,1
caucasian,1
freeman,1
weasel,1
greatest,1
somebodi,1
boricuawatch,1
presidallow,1
excusunappet,1
awaystellar,1
discriminwhore,1
etern,1
dl,1
slide,1
embracpast,1
ignorword,1
constrain,1
teambtracial,1
thesexismproject,1
chess,1
vianetanyahuspeech,1
wordelectoralcolleg,1
toler,1
dinosaur,1
rubio,1
whperspect,1
rohingyalatest,1
vocabulari,1
egregi,1
swampmonstfeminismiscanc,1
proudli,1
atheistcomment,1
everywher,1
americad,1
willsmithgo,1
arabend,1
teammichaelpalag,1
sm,1
armlgbti,1
bankrupt,1
uae,1
africanwork,1
harasstheresist,1
triggermichel,1
jewlike,1
carolina,1
pound,1
trend,1
poster,1
cafenoirprojectcutsi,1
nd,1
jackass,1
southsudan,1
traitormummersparad,1
wnt,1
newzeeland,1
politmultipl,1
lifestylhispan,1
emiratikkk,1
fetishsay,1
raclolol,1
arm,1
misogynianswer,1
notmypresidactivist,1
actallahsoil,1
ccneed,1
newsvideo,1
taxwriteoff,1
boycottwould,1
pussiuse,1
cdnpolione,1
nowthattheholidaysaredon,1
politpolic,1
nevermypresidpleas,1
affirmativeact,1
rr,1
rotherbreath,1
newyay,1
mccain,1
nonprofitstatustloui,1
battl,1
doublestandardlook,1
idiotmight,1
victimis,1
blmwhite,1
veteran,1
boricuaur,1
polithappi,1
dreamanothr,1
capitalist,1
tefugeeswelcom,1
venezuela,1
inequsalt,1
boricuachaplin,1
kitazato,1
corpteam,1
pittsburgh,1
schuster,1
environmentkick,1
djt,1
hamp,1
surrog,1
cancellatest,1
whiteprivileggreat,1
traitorcommerci,1
msian,1
cowardcopunamerican,1
stpp,1
tinfoilhat,1
rat,1
fashioag,1
racisteveryon,1
yesterday,1
impeachtrumpbridg,1
drfranciscresswelsend,1
gettime,1
senat,1
extinct,1
differdestroy,1
historiu,1
surround,1
permit,1
hatewhore,1
willoughbi,1
politcombat,1
discriminthank,1
bleatracist,1
inequhispan,1
mannequinchalleng,1
homophobunappet,1
goodluckicon,1
optracism,1
pornisforlos,1
superherosex,1
fauxnew,1
tennesse,1
christmassi,1
groupknow,1
miamihistori,1
accur,1
agit,1
merg,1
smack,1
teambtfunni,1
bollywoodthought,1
istanbul,1
kaaba,1
confederateflag,1
probat,1
sketchalt,1
damag,1
hull,1
cwould,1
soundbit,1
stoppfuck,1
fulli,1
ambit,1
sympathlatest,1
donni,1
retweetlatest,1
ignorya,1
embraceyourself,1
christianpaul,1
familihistorian,1
kwanza,1
inspirechang,1
aberdeenstill,1
teambtcarl,1
problemofwhit,1
piggi,1
simplist,1
thingwow,1
unfouncase,1
sexpred,1
ergohappi,1
guytrump,1
eltham,1
excrement,1
nuff,1
pagoodonedean,1
nastipueorico,1
digniti,1
hispter,1
pap,1
teamsuperjuniorhispan,1
bluntli,1
victoria,1
whitefragil,1
australiakind,1
facinghisikh,1
bdwoman,1
volunt,1
pple,1
ltprank,1
weirdostatement,1
cgood,1
blmlatest,1
samachar,1
treasonlatest,1
tedatibmvideo,1
season,1
celebrcarlpaladino,1
stopracgirl,1
teamone,1
jab,1
antisemtpost,1
croni,1
bethlehem,1
rapechucktoddlive,1
sarcastuk,1
sdg,1
nojustic,1
shitracism,1
trumpsouthsudan,1
mascotoffic,1
surviv,1
shitfest,1
righti,1
makeamericagreatagainproblemeveryday,1
amphispan,1
jumpedtheshha,1
misogynistmontana,1
closet,1
preach,1
etwomen,1
gutterpleas,1
condescend,1
jerk,1
ehu,1
usaseriou,1
michelleobamaallahsoil,1
justjusticpresid,1
suffrag,1
journomight,1
firewhite,1
timenow,1
bank,1
cosmeticsbrand,1
stereotypbigot,1
wmight,1
braidracist,1
misogynifeel,1
gunoth,1
blackoffic,1
analysi,1
unload,1
prayer,1
whag,1
inher,1
avoic,1
eren,1
trumpconaistmsg,1
whitegenocidsure,1
blmtrump,1
affection,1
skate,1
catch,1
songword,1
wog,1
bigotrijake,1
basi,1
todayblack,1
hardli,1
intolerwhite,1
donestillmight,1
hardcoresexmar,1
semi,1
repug,1
goodsilveragatka,1
sandyhook,1
nicolaindia,1
ampopinion,1
nakeadl,1
hairbot,1
fled,1
americaarab,1
vanilla,1
deplorabal,1
courstexa,1
livebeliev,1
segreg,1
talkfeminismiscanc,1
newspeopl,1
opianyon,1
cunt,1
cress,1
blackpeopl,1
mario,1
swing,1
whitepeoplmust,1
nationaw,1
womanneed,1
situat,1
tribunwoh,1
emiratisee,1
fugli,1
ampwonder,1
politscar,1
comediannext,1
racismmight,1
opendemocracipresid,1
teambthey,1
deafinprison,1
crisinigger,1
summer,1
shutwant,1
marketrun,1
whitefemincleveland,1
womensrighttochoos,1
videoignor,1
nohopbase,1
wopa,1
kathi,1
manadveis,1
sticker,1
teamsuperjuniorvandal,1
mrminor,1
rewrittrumpsamerica,1
mental,1
miamitype,1
bollywood,1
tenacpure,1
pupil,1
voterth,1
nohatpsa,1
ceo,1
peoplmight,1
manag,1
jealousi,1
bregret,1
boycottluicalibr,1
bambi,1
scald,1
satisfi,1
deploy,1
mormonigiant,1
mt,1
hateasian,1
hostil,1
gover,1
skywilliam,1
leaver,1
ratgop,1
substant,1
perfum,1
conmanterm,1
wowmarxist,1
loudli,1
theviewvideo,1
gopcampaign,1
lotwtf,1
interact,1
movementdecis,1
gladshesgon,1
abet,1
creatur,1
enter,1
chickcheck,1
miamichick,1
tiething,1
resistpre,1
worldsexi,1
rapistexcel,1
todaysisterinlaw,1
knick,1
lostwhitegenocid,1
bigotignor,1
extend,1
neocolonidrunk,1
populationcontrol,1
ten,1
miamithought,1
reparpotu,1
asylumseek,1
trumpatk,1
retweetfrench,1
putinway,1
fearmong,1
uschampion,1
wale,1
politprolaps,1
remot,1
usawhite,1
ibookmarco,1
novel,1
weaponristop,1
wordf,1
obamacar,1
boycottaustraliarise,1
possiblkevin,1
ampdear,1
yep,1
pleasclassipeopl,1
chauvinist,1
wwwsmallgirlsexcomlatest,1
retardretweet,1
madison,1
boyden,1
ableismsicken,1
bringmock,1
stammend,1
mofo,1
cramp,1
trough,1
uskkk,1
repoingsystem,1
muir,1
boil,1
ghostbust,1
heater,1
tetanusimmun,1
deathpenalti,1
lotlegaci,1
credit,1
nowher,1
uscall,1
kallahsoil,1
buddhism,1
fuckpropaganda,1
unpatriot,1
bestoftheweekallahsoil,1
teambtquot,1
gamespeak,1
acctwould,1
evas,1
cowardcopfar,1
belief,1
hatetheresist,1
segreglee,1
trumpworld,1
assail,1
hypocritperuvian,1
progressmani,1
slash,1
childrenofcolor,1
fairfree,1
selecthitler,1
novmilo,1
terrestri,1
invent,1
indiaday,1
darkest,1
stopultim,1
headlock,1
censor,1
bluntamerica,1
kitazatoshibasaburo,1
actexcel,1
futurneogaf,1
unchain,1
norrisgreenrealli,1
written,1
picreal,1
estat,1
larger,1
mtend,1
fundtime,1
karmamight,1
affirmativeactrise,1
ampsay,1
truemight,1
helpcovedolphinretweet,1
influenc,1
malvern,1
shitsantaproject,1
suppoawesom,1
aungsansuukyi,1
bonu,1
remarkcomplet,1
merica,1
ampmeet,1
realliracial,1
poetri,1
ccword,1
adfeel,1
womenopinion,1
problemenough,1
americacongressman,1
hamza,1
fiend,1
polame,1
hype,1
moment,1
ampstill,1
losangelcarlpaladino,1
provinci,1
trumpleak,1
happier,1
symbol,1
socialmedianoth,1
rel,1
pivomight,1
newsallahsoil,1
rachelmaddow,1
randomli,1
freemason,1
moto,1
bureauallahsoil,1
teeth,1
manfl,1
newyorkhey,1
hidewhite,1
lumpiunbeliev,1
combatdemocrat,1
blackpersonnever,1
gene,1
politkeep,1
remak,1
spank,1
suprem,1
yorker,1
doubletre,1
worlddem,1
politadvanc,1
milkblack,1
ss,1
yusuf,1
trainyear,1
edgi,1
moronright,1
mugab,1
naacp,1
rapecultur,1
tranewyearsev,1
fightlanasprayberri,1
allof,1
preachboob,1
numbertrump,1
blacklivesmattadvoc,1
racistamp,1
remarkauspo,1
shall,1
beaten,1
spirit,1
prospect,1
miamimight,1
local,1
berniebro,1
seahawkman,1
lovideo,1
worstallahsoil,1
innget,1
bailreform,1
hairli,1
gotten,1
politwhite,1
agoinsan,1
kellyann,1
epnazi,1
recordthought,1
tvmight,1
indirect,1
altrightcardus,1
olddefinit,1
kerala,1
stlcomment,1
rapeugeend,1
discours,1
peoplblack,1
career,1
actkinda,1
followmtrumpusa,1
disgustlock,1
debacl,1
islamtrump,1
talkstill,1
rightblacklivesmatt,1
saddl,1
timewatch,1
failur,1
armpit,1
appal,1
reinstat,1
trumpglobal,1
footbalvideo,1
politti,1
straight,1
infam,1
actcpcldr,1
guymust,1
farah,1
bold,1
gocambersand,1
bp,1
thrive,1
whiteprivelag,1
malcolm,1
expectsad,1
crew,1
creepi,1
blaze,1
boycottbroader,1
inve,1
schoolteapay,1
shade,1
rockett,1
topless,1
thosend,1
juic,1
faithtime,1
xxxmain,1
equalhispan,1
ana,1
bozzoli,1
lanasprayberri,1
slavercowboy,1
feb,1
sorri,1
miamireal,1
annoyworkplac,1
republicantrash,1
saidhispan,1
hepburn,1
hatecheck,1
aryan,1
helpyearmight,1
terrorattack,1
keyboard,1
armmmusimaiman,1
grouallahsoil,1
rima,1
midtownreal,1
teamdtrump,1
scene,1
miamiblack,1
kindledchristian,1
stopforbidden,1
entrench,1
reallileav,1
whicjcpenni,1
sooo,1
houston,1
muslimname,1
boricuaracism,1
crazybengiefbp,1
pen,1
apologracist,1
bluntgop,1
thinggirl,1
attir,1
hsorri,1
diff,1
web,1
commonsenssick,1
phone,1
betsmaller,1
coffin,1
discriminlook,1
trumpproofamericasikh,1
misunderstood,1
seashepherdfeminismiscanc,1
ampamerica,1
rasikh,1
janwish,1
weaselprincess,1
trumpinaugur,1
plain,1
wang,1
cdnpolitrump,1
theresistfo,1
neverdeltasick,1
guybtw,1
kin,1
charactguess,1
magaus,1
lazi,1
zimbabwwow,1
ptake,1
wordblack,1
style,1
idiotssn,1
smhtruli,1
orgfuck,1
womensissu,1
biraci,1
politman,1
mogag,1
bangladeshi,1
socialjusticlatest,1
extoionclear,1
secret,1
playtrump,1
yorkerhispan,1
nig,1
exagger,1
womanpower,1
nobelpr,1
tacki,1
deathwishread,1
childlabordisgust,1
smth,1
sand,1
havent,1
hugh,1
favorit,1
sophistallahsoil,1
hoedefin,1
everythingisracist,1
user,1
bigottrump,1
politfeminismiscanc,1
womanpaul,1
pressur,1
politalway,1
inaugurwanna,1
princ,1
herbwow,1
mightsay,1
jlaw,1
municip,1
pot,1
womancomment,1
bollywoodsikh,1
variou,1
watchnoth,1
kimburrel,1
snostalgia,1
goveganevid,1
tcotsave,1
thwa,1
window,1
hvg,1
meltingpotnew,1
htprobabl,1
woobietuesday,1
misogynigive,1
islamicterrorist,1
ill,1
medaltright,1
ladinew,1
russialast,1
politsikh,1
priorit,1
polithot,1
astrolog,1
stereotypallahsoil,1
gocuomo,1
tyranni,1
klux,1
notmyprez,1
lostthank,1
micheleobama,1
ageismanoth,1
everlatest,1
viaeveri,1
johnrkhoward,1
dumbpeopl,1
admin,1
yield,1
cotton,1
lisa,1
bud,1
dueone,1
justicereform,1
mock,1
enoughallahsoil,1
homosexuwell,1
suppostop,1
donegreat,1
presidgoodby,1
racistaustralia,1
nomor,1
iraq,1
platformlook,1
vialatest,1
sashop,1
bigotzionism,1
environmentnoth,1
trumphat,1
wordtrumplethinskinleav,1
baptiz,1
furorhaha,1
michaelacoel,1
diverstoday,1
spokesperson,1
sing,1
thepoliticalmillenni,1
graffiti,1
namehappi,1
pavillion,1
sicksurpris,1
trumpmarxist,1
paki,1
bookheard,1
hyper,1
keithellison,1
stoppfine,1
blacklivesmattboy,1
wordemmaston,1
neilerikson,1
crowd,1
tamirric,1
scapegoat,1
shine,1
epidem,1
armenian,1
antiblackrealitycheck,1
annoyfree,1
economi,1
confirmsea,1
lovedeaf,1
strident,1
employ,1
whenebogard,1
assamerica,1
lesson,1
nuclear,1
trumpli,1
acthispan,1
pissperfect,1
chargagre,1
whstori,1
breitba,1
fresh,1
whiteaustralianpolici,1
freedomofspeech,1
gothope,1
lawenter,1
absenc,1
consum,1
acceptcnn,1
slutti,1
returningcitizen,1
politwant,1
realis,1
girlmuch,1
nonsenboss,1
crossfeminismiscanc,1
nomand,1
distant,1
camron,1
ottawatrump,1
arnttruth,1
chanapa,1
animalright,1
ignorilleg,1
acceptsikh,1
ck,1
resistdear,1
stab,1
criticcours,1
bigotcarlpalladino,1
sin,1
seashepherdbot,1
efuck,1
dumptrumpnigger,1
due,1
dablack,1
existbustyesco,1
ruin,1
needreject,1
overcom,1
colour,1
cambma,1
design,1
ifyourenotwhiteyourenotracistsea,1
indisput,1
incesttrue,1
jcpenney,1
pornhispan,1
whineranybodi,1
fatwaiter,1
deauspol,1
apostoli,1
altrighteveryon,1
bestof,1
resignmight,1
pol,1
loserpizzatoday,1
di,1
warsforoilsea,1
supremacist,1
racismmill,1
pebeliev,1
pamelaramseytaylor,1
shitshowobama,1
guysmileyong,1
lolshocker,1
radioallahsoil,1
privilegpresid,1
propos,1
crosssma,1
postpresid,1
crookdonaldtrump,1
shag,1
transphobia,1
legisl,1
mmiwgengag,1
utahblack,1
topicsea,1
decolonprofit,1
wordnotic,1
critiqu,1
unacceptnoth,1
rainbow,1
usathank,1
ux,1
muzzipeopl,1
gtcontent,1
liberallogword,1
genderinequ,1
holiday,1
mediafeminismiscanc,1
antiegalitarian,1
stain,1
wantwork,1
pussygrabballahsoil,1
wotch,1
moronintercours,1
wwi,1
nica,1
pneed,1
hocomdnever,1
pizzag,1
anybodialt,1
tedinstitutqueue,1
greathey,1
tick,1
whitetwo,1
ohallahsoil,1
cker,1
publicserviceannounc,1
everydayhero,1
duke,1
gtdylann,1
yo,1
whiteguy,1
oneanc,1
workshopohhhh,1
crackalog,1
competitdefend,1
linc,1
outdat,1
genderempower,1
wantdeeper,1
sextunbeliev,1
merri,1
monetari,1
panther,1
alllivesmattouch,1
firstnat,1
sexest,1
emiratireal,1
intoler,1
seashepherdrupemurdoch,1
frndalso,1
womenonli,1
likeracism,1
cabinet,1
muslimhope,1
boyallahsoil,1
thinktori,1
lawrenc,1
riderscrutin,1
videosay,1
paulin,1
gtpatriarch,1
politjosephjett,1
massincarcer,1
notmypresidvideo,1
thankasshol,1
skank,1
politeveryon,1
wifebeatthank,1
barackobama,1
recast,1
politdelta,1
eodminut,1
distinguish,1
poordouchebag,1
africanamerican,1
victori,1
heed,1
ehmight,1
doublestandardya,1
smile,1
loui,1
booblack,1
san,1
godreject,1
abpoli,1
ignorpopefr,1
nose,1
islamophobiahow,1
whiteprivone,1
ampmalia,1
donaldtrumpracist,1
sexualassultmtv,1
compet,1
object,1
bankruptci,1
pt,1
lock,1
innerc,1
oughta,1
epnotmypresid,1
loosah,1
andrewanglintyruswong,1
americanwait,1
dieend,1
bigli,1
septallahsoil,1
thekingsspeech,1
aryanbrotherhood,1
behindbewar,1
womenperfect,1
owe,1
emiratiboob,1
wig,1
mon,1
naziarab,1
triggerppl,1
kelli,1
climatget,1
pamight,1
emoji,1
anxietimight,1
postblack,1
saga,1
idiotthought,1
conalapoet,1
mcmillan,1
springstmight,1
badgburbank,1
waterobama,1
g,1
bcot,1
pelosisikh,1
thankresign,1
miamiclickbait,1
yellisrael,1
proofkevin,1
valupay,1
whwanna,1
afprealiti,1
electblack,1
democratallahsoil,1
barack,1
uyanzhomicid,1
kajal,1
ignorracism,1
fergusonthought,1
unintent,1
islamophoblacklivesmatt,1
faisalverizon,1
hateshare,1
americathat,1
feamelania,1
lovemessag,1
privat,1
ball,1
blackdefinit,1
wordlisten,1
politjissu,1
antisemet,1
robbiewilliam,1
checkdamn,1
simpli,1
delusion,1
insensit,1
sexitogeth,1
lgbtmsnbc,1
svpol,1
batshit,1
inadequ,1
bald,1
whiteslaveri,1
viaclear,1
exclud,1
iswarfuck,1
magaislam,1
truthsuppo,1
meet,1
repeat,1
garbagepailkid,1
lifehello,1
americatreasonoustrump,1
satircould,1
abl,1
liarpleas,1
h,1
buggeroffbori,1
fowoh,1
disgustsay,1
graciou,1
zeenew,1
dieblack,1
codeword,1
guncontrol,1
laser,1
loyal,1
knit,1
foretold,1
relevoutrag,1
nyt,1
whitepowidiot,1
videoye,1
wrote,1
kingfish,1
abd,1
begun,1
filth,1
coalitionist,1
unscript,1
breadlatest,1
grabyourwallet,1
blatantfree,1
shroud,1
otherteapay,1
waim,1
materiyear,1
teambtsaw,1
retweetalt,1
womenmotherfuck,1
hategood,1
nicola,1
newsmight,1
peacwhite,1
bigotnew,1
mill,1
agendaproud,1
shillwould,1
domesticviol,1
judea,1
papalbul,1
stick,1
experienc,1
racistpmet,1
guard,1
smug,1
dictionaridone,1
beatblack,1
tedatibmdad,1
legendpeopl,1
minutmight,1
usafought,1
racialequdefinit,1
coursamp,1
regnant,1
vaniti,1
tywatch,1
finestjoke,1
islamophobiadonald,1
sdob,1
mailbox,1
trumpracist,1
reg,1
polithillaryclinton,1
roll,1
berberian,1
topic,1
unfairnake,1
nofascistlet,1
psychopath,1
fair,1
film,1
sight,1
malign,1
semanthispan,1
wail,1
blackgreat,1
noticdear,1
miamilatest,1
bracelet,1
dumbgreek,1
oppressicomment,1
slaveritoday,1
reactionari,1
flatter,1
org,1
systemkeep,1
endlessli,1
rehir,1
token,1
coloupriyankachopra,1
skinni,1
nackt,1
woodrowwilson,1
code,1
whoever,1
awesom,1
trumpdarkzon,1
nu,1
neweven,1
teamreason,1
pornthink,1
hoodiesup,1
notmypresidlisten,1
bigotcommerci,1
vaw,1
worldobamalegaci,1
trumpocalypspreorder,1
newyorkracism,1
realitibeliev,1
feminallahsoil,1
womenouch,1
womenprove,1
factfreak,1
known,1
paisanhackoppos,1
colourtrump,1
peoplpreviou,1
jerodtwin,1
blackcud,1
fearblack,1
airingofthegrievvote,1